prot,ch,resi,prob,residue_type
Vif,B,41,0.743330303030303,R
Vif,B,40,0.737366393442623,Y
Vif,B,39,0.7324960784313724,F
Vif,B,42,0.7249146341463414,H
Vif,B,44,0.6969795454545454,Y
Vif,B,43,0.6922739726027397,H
Vif,B,54,0.6908375,E
Vif,B,30,0.6904048780487805,Y
Vif,B,55,0.6750948051948054,V
Vif,B,26,0.6745204379562044,K
Vif,B,56,0.6696237288135592,H
Vif,B,29,0.6655304,M
Vif,B,53,0.663063,S
Vif,B,45,0.661396178343949,E
Vif,B,31,0.6355306748466257,I
Vif,B,52,0.6347864583333332,S
Vif,B,27,0.6340410071942446,H
Vif,B,38,0.6296183908045976,W
Vif,B,25,0.6265715789473684,V
Vif,B,36,0.620278350515464,K
Vif,B,35,0.6169183333333333,A
Vif,B,23,0.6051141666666666,S
Vif,B,46,0.5986205607476636,S
Vif,B,68,0.5939108695652174,T
Vif,B,28,0.5915477477477478,H
Vif,B,32,0.5893009433962264,S
Vif,B,24,0.5883222222222223,L
Vif,B,49,0.5877871428571427,P
Vif,B,22,0.5866054054054055,N
Vif,B,50,0.5843358490566037,K
Vif,B,70,0.5815781250000001,W
Vif,B,51,0.574988,V
Vif,B,67,0.5689688888888887,T
Vif,B,34,0.568688679245283,K
Vif,B,18,0.5655703703703703,I
Vif,B,83,0.5632518518518519,H
Vif,B,69,0.5595959183673469,Y
Vif,B,85,0.5582944444444444,V
Vif,B,37,0.5572852459016393,G
Vif,B,21,0.5542025316455695,W
Vif,B,19,0.5494458715596331,R
Vif,B,33,0.5382460674157302,K
Vif,B,111,0.5353899999999998,Y
Vif,B,47,0.5327989898989899,R
Vif,B,48,0.5305728571428571,H
Vif,B,166,0.527875,V
Vif,B,14,0.5265,D
Vif,B,66,0.5262769230769231,V
Vif,B,59,0.5248285714285714,L
Vif,B,84,0.5237333333333333,G
Vif,B,57,0.51345,I
Vif,B,169,0.5129062499999999,L
Vif,B,80,0.5080696428571427,H
Vif,B,65,0.505661111111111,V
Vif,B,20,0.5010233333333333,T
Vif,B,82,0.5005214285714287,G
