prot,ch,resi,prob,residue_type
A3G,G,128,0.7358947019867549,D
A3G,G,58,0.7339109756097562,V
A3G,G,97,0.7327911111111111,C
A3G,G,62,0.73268,L
A3G,G,96,0.7325428571428572,P
A3G,G,57,0.7301666666666667,Q
A3G,G,131,0.7292434426229508,Y
A3G,G,125,0.7251666666666665,Y
A3G,G,127,0.7251540145985402,W
A3G,G,126,0.7204682242990653,F
A3G,G,59,0.7116017699115045,Y
A3G,G,124,0.7056294736842106,Y
A3G,G,130,0.7003376712328767,D
A3G,G,129,0.6926782894736843,P
A3G,G,65,0.6916216666666666,H
A3G,G,60,0.6907823008849556,S
A3G,G,132,0.6853654545454546,Q
A3G,G,61,0.6851285714285713,E
A3G,G,98,0.6829148514851485,T
A3G,G,63,0.6776079365079365,K
A3G,G,134,0.6731153846153847,A
A3G,G,99,0.6712526315789474,K
A3G,G,64,0.662998275862069,Y
A3G,G,100,0.6550785714285714,C
A3G,G,67,0.64590625,E
A3G,G,95,0.6338407407407408,S
A3G,G,123,0.6334415384615384,L
A3G,G,94,0.6263719298245614,W
A3G,G,133,0.6239220183486239,E
A3G,G,32,0.6230886363636364,T
A3G,G,122,0.6208921052631579,R
A3G,G,56,0.6108305555555555,G
A3G,G,66,0.608514705882353,P
A3G,G,30,0.6083403508771931,R
A3G,G,33,0.6053261904761905,V
A3G,G,31,0.6047712328767123,N
A3G,G,135,0.5988257575757576,L
A3G,G,25,0.5885142857142857,P
A3G,G,93,0.58772,S
A3G,G,68,0.5867244444444445,M
A3G,G,185,0.5828870967741936,L
A3G,G,101,0.5816463768115943,T
A3G,G,151,0.5768249999999999,I
A3G,G,26,0.5745643835616439,I
A3G,G,24,0.5745459459459458,R
A3G,G,27,0.5736661538461538,L
A3G,G,54,0.5702499999999999,F
A3G,G,136,0.5696775862068966,R
A3G,G,102,0.5690893333333333,R
A3G,G,120,0.5592642857142857,V
A3G,G,69,0.5523304347826087,R
A3G,G,188,0.5497452830188679,M
A3G,G,192,0.5477421052631578,I
A3G,G,121,0.5473375,A
A3G,G,137,0.54549,S
A3G,G,22,0.5446944444444444,Y
A3G,G,29,0.5427073170731708,R
A3G,G,103,0.5424410714285715,D
A3G,G,92,0.53409375,I
A3G,G,28,0.5320211764705882,S
A3G,G,34,0.5238772727272726,W
A3G,G,21,0.5228071428571428,F
A3G,G,23,0.5227625000000001,N
A3G,G,20,0.5195444444444445,N
